1, L: 178.0°, R: -176.0°, Yaw: 0.0, Rate: -0.03266166, Note: Init Done
3, L: 178.0°, R: -176.0°, Yaw: -0.0001220703, Rate: 0.1073383, Note: drive 250mm
996, L: 541.0°, R: 185.0°, Yaw: 0.743042, Rate: 1.297338, Note: drive 250mm
1986, L: 679.0°, R: 44.0°, Yaw: 95.37598, Rate: -0.3126617, Note: drive 250mm
2961, L: 1033.0°, R: 412.0°, Yaw: 90.72083, Rate: 1.577338, Note: drive 250mm
3951, L: 1174.0°, R: 271.0°, Yaw: 184.8198, Rate: -0.5926617, Note: drive 250mm
4926, L: 1530.0°, R: 638.0°, Yaw: 181.8707, Rate: 0.8773383, Note: drive 250mm
5916, L: 1667.0°, R: 499.0°, Yaw: 274.9087, Rate: -0.4526617, Note: drive 250mm
6891, L: 2021.0°, R: 865.0°, Yaw: 271.5386, Rate: 1.647338, Note: drive 250mm